,mean_fit_time,mean_score_time,mean_test_score,mean_train_score,param_clf__C,param_clf__kernel,params,rank_test_score,split0_test_score,split0_train_score,split1_test_score,split1_train_score,split2_test_score,split2_train_score,split3_test_score,split3_train_score,split4_test_score,split4_train_score,std_fit_time,std_score_time,std_test_score,std_train_score
0,13.825032711029053,1.7590681076049806,0.10766246362754607,0.11020889747210787,0.1,rbf,"{'clf__C': 0.1, 'clf__kernel': 'rbf'}",4,0.1037394451145959,0.10379362670713202,0.10386473429951691,0.10376213592233009,0.12363636363636364,0.13579872688693542,0.10340632603406326,0.10387643852210782,0.10365853658536585,0.1038135593220339,0.2320176487214342,0.03875378912240861,0.007989566313009946,0.012794969240719945
1,13.843932867050171,1.7895386219024658,0.13700290979631427,0.21241629889789787,1,rbf,"{'clf__C': 1, 'clf__kernel': 'rbf'}",3,0.12545235223160434,0.222154779969651,0.15096618357487923,0.20904126213592233,0.1503030303030303,0.21036677781145802,0.13138686131386862,0.1968503937007874,0.12682926829268293,0.2236682808716707,0.17051355661436768,0.02702341878725899,0.011323372928446323,0.009791158525495142
2,12.425058460235595,1.7587347507476807,0.1571290009699321,0.3671791360457196,10,rbf,"{'clf__C': 10, 'clf__kernel': 'rbf'}",1,0.14475271411338964,0.375113808801214,0.1606280193236715,0.3601334951456311,0.1696969696969697,0.3640497120339497,0.17518248175182483,0.36099333737129013,0.1353658536585366,0.3756053268765133,0.16774777600740978,0.0432101091796574,0.014966196319321277,0.006806734594983887
3,11.396102142333984,1.6590259075164795,0.1542192046556741,0.4296848466344231,20,rbf,"{'clf__C': 20, 'clf__kernel': 'rbf'}",2,0.13027744270205066,0.4449165402124431,0.1606280193236715,0.42566747572815533,0.16606060606060605,0.4283116095786602,0.17883211678832117,0.421259842519685,0.1353658536585366,0.4282687651331719,1.1097192225811345,0.13823144804941687,0.018518806960434585,0.008037605606349219
